{"cameraMode":{"drawMode":0,"name":"Shaded","section":"Shading Mode"},"sceneLighting":true,"audioPlay":false,"sceneViewState":{"m_AlwaysRefresh":false,"showFog":true,"showSkybox":false,"showFlares":true,"showImageEffects":true,"showParticleSystems":true,"showVisualEffectGraphs":true,"m_FxEnabled":true},"in2DMode":false,"pivot":{"x":-7.401355266571045,"y":-4.232114791870117,"z":-4.006608486175537},"rotation":{"x":-0.14672526717185975,"y":0.029412252828478814,"z":-0.0042363256216049198,"w":-0.9887902140617371},"size":1.8913993835449219,"orthographic":false}