{"cameraMode":{"drawMode":0,"name":"Shaded","section":"Shading Mode"},"sceneLighting":true,"audioPlay":false,"sceneViewState":{"m_AlwaysRefresh":false,"showFog":true,"showSkybox":false,"showFlares":true,"showImageEffects":true,"showParticleSystems":true,"showVisualEffectGraphs":true,"m_FxEnabled":true},"in2DMode":false,"pivot":{"x":2.362337112426758,"y":-3.5026559829711916,"z":-1.0962634086608887},"rotation":{"x":-0.0032408249098807575,"y":-0.7234800457954407,"z":0.0035561483819037678,"w":-0.6904127597808838},"size":6.062178134918213,"orthographic":false}