{"cameraMode":{"drawMode":0,"name":"Shaded","section":"Shading Mode"},"sceneLighting":false,"audioPlay":false,"sceneViewState":{"m_AlwaysRefresh":false,"showFog":true,"showSkybox":false,"showFlares":true,"showImageEffects":true,"showParticleSystems":true,"showVisualEffectGraphs":true,"m_FxEnabled":true},"in2DMode":false,"pivot":{"x":5.833400726318359,"y":-6.508765697479248,"z":-13.264894485473633},"rotation":{"x":-0.14672526717185975,"y":0.029412252828478814,"z":-0.0042363256216049198,"w":-0.9887902140617371},"size":3.1964938640594484,"orthographic":false}