{"cameraMode":{"drawMode":0,"name":"Shaded","section":"Shading Mode"},"sceneLighting":true,"audioPlay":false,"sceneViewState":{"m_AlwaysRefresh":false,"showFog":true,"showSkybox":true,"showFlares":true,"showImageEffects":true,"showParticleSystems":true,"showVisualEffectGraphs":true,"m_FxEnabled":true},"in2DMode":false,"pivot":{"x":-68.10460662841797,"y":6.336716175079346,"z":-11.966205596923829},"rotation":{"x":0.10679035633802414,"y":-0.04560859128832817,"z":0.004892862867563963,"w":0.9932685494422913},"size":0.6672986745834351,"orthographic":false}