{"cameraMode":{"drawMode":0,"name":"Shaded","section":"Shading Mode"},"sceneLighting":true,"audioPlay":false,"sceneViewState":{"m_AlwaysRefresh":false,"showFog":true,"showSkybox":true,"showFlares":true,"showImageEffects":true,"showParticleSystems":true,"showVisualEffectGraphs":true,"m_FxEnabled":true},"in2DMode":false,"pivot":{"x":0.6228331923484802,"y":0.19524526596069337,"z":0.6678367853164673},"rotation":{"x":-0.20297327637672425,"y":-0.7656246423721314,"z":0.28897151350975039,"w":-0.5377700924873352},"size":18.655519485473634,"orthographic":false}