{"cameraMode":{"drawMode":0,"name":"Shaded","section":"Shading Mode"},"sceneLighting":true,"audioPlay":false,"sceneViewState":{"m_AlwaysRefresh":false,"showFog":true,"showSkybox":true,"showFlares":true,"showImageEffects":true,"showParticleSystems":true,"showVisualEffectGraphs":true,"m_FxEnabled":true},"in2DMode":false,"pivot":{"x":22.552017211914064,"y":-0.08971576392650604,"z":-21.294761657714845},"rotation":{"x":-0.007168424781411886,"y":-0.9706272482872009,"z":0.23908254504203797,"w":-0.02910337969660759},"size":6.76584005355835,"orthographic":true}