{"cameraMode":{"drawMode":0,"name":"Shaded","section":"Shading Mode"},"sceneLighting":true,"audioPlay":false,"sceneViewState":{"m_AlwaysRefresh":false,"showFog":true,"showSkybox":true,"showFlares":true,"showImageEffects":true,"showParticleSystems":true,"showVisualEffectGraphs":true,"m_FxEnabled":true},"in2DMode":false,"pivot":{"x":27.163818359375,"y":6.593520164489746,"z":-29.18733787536621},"rotation":{"x":0.0000872168384375982,"y":-0.9970148801803589,"z":-0.07732073962688446,"w":-0.0011986838653683663},"size":6.575570106506348,"orthographic":false}