{"cameraMode":{"drawMode":0,"name":"Shaded","section":"Shading Mode"},"sceneLighting":true,"audioPlay":false,"sceneViewState":{"m_AlwaysRefresh":false,"showFog":true,"showSkybox":true,"showFlares":true,"showImageEffects":true,"showParticleSystems":true,"showVisualEffectGraphs":true,"m_FxEnabled":true},"in2DMode":false,"pivot":{"x":56.57879638671875,"y":3.303309679031372,"z":-9.196390151977539},"rotation":{"x":-0.0014587943442165852,"y":0.7174431085586548,"z":0.0015080694574862719,"w":0.6966503262519836},"size":17.608003616333009,"orthographic":false}