{"cameraMode":{"drawMode":0,"name":"Shaded","section":"Shading Mode"},"sceneLighting":true,"audioPlay":false,"sceneViewState":{"m_AlwaysRefresh":false,"showFog":true,"showSkybox":true,"showFlares":true,"showImageEffects":true,"showParticleSystems":true,"showVisualEffectGraphs":true,"m_FxEnabled":true},"in2DMode":false,"pivot":{"x":21.07562255859375,"y":-12.479320526123047,"z":-12.390966415405274},"rotation":{"x":-0.26260218024253847,"y":-0.5823826193809509,"z":0.20633719861507417,"w":-0.7411782145500183},"size":10.743155479431153,"orthographic":false}