{"cameraMode":{"drawMode":0,"name":"Shaded","section":"Shading Mode"},"sceneLighting":true,"audioPlay":false,"sceneViewState":{"m_AlwaysRefresh":false,"showFog":true,"showSkybox":true,"showFlares":true,"showImageEffects":true,"showParticleSystems":true,"showVisualEffectGraphs":true,"m_FxEnabled":true},"in2DMode":false,"pivot":{"x":-28.875505447387697,"y":5.920980930328369,"z":-17.914913177490236},"rotation":{"x":-0.013960480690002442,"y":-0.7466982007026672,"z":-0.015684083104133607,"w":0.6648733615875244},"size":5.076714038848877,"orthographic":false}