{"cameraMode":{"drawMode":0,"name":"Shaded","section":"Shading Mode"},"sceneLighting":true,"audioPlay":false,"sceneViewState":{"m_AlwaysRefresh":false,"showFog":true,"showSkybox":false,"showFlares":true,"showImageEffects":true,"showParticleSystems":true,"showVisualEffectGraphs":true,"m_FxEnabled":true},"in2DMode":false,"pivot":{"x":-8.205044746398926,"y":-3.4360313415527345,"z":-9.710800170898438},"rotation":{"x":-0.09758210927248001,"y":0.2449406534433365,"z":-0.024641485884785653,"w":-0.9643604159355164},"size":0.23782306909561158,"orthographic":false}