{"cameraMode":{"drawMode":0,"name":"Shaded","section":"Shading Mode"},"sceneLighting":false,"audioPlay":false,"sceneViewState":{"m_AlwaysRefresh":false,"showFog":true,"showSkybox":false,"showFlares":true,"showImageEffects":true,"showParticleSystems":true,"showVisualEffectGraphs":true,"m_FxEnabled":true},"in2DMode":false,"pivot":{"x":-32.87031555175781,"y":0.49000000953674319,"z":-21.850000381469728},"rotation":{"x":-0.14672526717185975,"y":0.029412252828478814,"z":-0.0042363256216049198,"w":-0.9887902140617371},"size":0.2598082721233368,"orthographic":false}