{"cameraMode":{"drawMode":0,"name":"Shaded","section":"Shading Mode"},"sceneLighting":false,"audioPlay":false,"sceneViewState":{"m_AlwaysRefresh":false,"showFog":true,"showSkybox":false,"showFlares":true,"showImageEffects":true,"showParticleSystems":true,"showVisualEffectGraphs":true,"m_FxEnabled":true},"in2DMode":false,"pivot":{"x":-1.862645149230957e-8,"y":0.03241508826613426,"z":-7.078051567077637e-8},"rotation":{"x":0.1557902991771698,"y":0.7897696495056152,"z":-0.22394932806491853,"w":0.5494032502174377},"size":0.059494905173778537,"orthographic":false}