{"cameraMode":{"drawMode":0,"name":"Shaded","section":"Shading Mode"},"sceneLighting":true,"audioPlay":false,"sceneViewState":{"m_AlwaysRefresh":false,"showFog":true,"showSkybox":false,"showFlares":true,"showImageEffects":true,"showParticleSystems":true,"showVisualEffectGraphs":true,"m_FxEnabled":true},"in2DMode":false,"pivot":{"x":-0.000157088041305542,"y":0.30937740206718447,"z":0.0007513761520385742},"rotation":{"x":-0.16010738909244538,"y":-0.650046169757843,"z":0.14346902072429658,"w":-0.729247510433197},"size":0.5763016939163208,"orthographic":false}