{"cameraMode":{"drawMode":0,"name":"Shaded","section":"Shading Mode"},"sceneLighting":true,"audioPlay":false,"sceneViewState":{"m_AlwaysRefresh":false,"showFog":true,"showSkybox":false,"showFlares":true,"showImageEffects":true,"showParticleSystems":true,"showVisualEffectGraphs":true,"m_FxEnabled":true},"in2DMode":false,"pivot":{"x":0.0018879175186157227,"y":0.1951577216386795,"z":0.001687467098236084},"rotation":{"x":-0.16010738909244538,"y":-0.650046169757843,"z":0.14346902072429658,"w":-0.729247510433197},"size":0.3652820289134979,"orthographic":false}