{"cameraMode":{"drawMode":0,"name":"Shaded","section":"Shading Mode"},"sceneLighting":true,"audioPlay":false,"sceneViewState":{"m_AlwaysRefresh":false,"showFog":true,"showSkybox":false,"showFlares":true,"showImageEffects":true,"showParticleSystems":true,"showVisualEffectGraphs":true,"m_FxEnabled":true},"in2DMode":false,"pivot":{"x":-10.688971519470215,"y":-2.702071189880371,"z":-3.866480827331543},"rotation":{"x":0.009016214869916439,"y":-0.9903920292854309,"z":0.12449803203344345,"w":0.06421215832233429},"size":0.7510806322097778,"orthographic":false}